{"cameraMode":{"drawMode":0,"name":"Shaded","section":"Shading Mode"},"sceneLighting":true,"audioPlay":false,"sceneViewState":{"showFog":true,"showMaterialUpdate":false,"showSkybox":true,"showFlares":true,"showImageEffects":true,"showParticleSystems":true},"in2DMode":false,"pivot":{"x":-1.4508485794067383,"y":0.5749961137771606,"z":2.913217306137085},"rotation":{"x":0.10715819150209427,"y":0.40954428911209109,"z":-0.048511065542697909,"w":0.9046752452850342},"size":0.7245588302612305,"orthographic":true}